FID,BID,Accommodation & Food Services,Administrative & Support Services,"Arts, Entertainment & Recreation",Construction,Education,"Finance, Insurance & Real Estate",Health Care & Social Assistance,Manufacturing,Other / Unclassified,Other Services,"Professional, Scientific & Technical Services",Public / Institutional,Retail Trade,Transportation & Warehousing,Wholesale Trade
1,Downtown,5.96231078158789,3.5526722273710227,1.5446400988569664,1.9153537225826383,1.791782514674081,16.55854185974668,13.561940067964164,1.4828544949026876,11.770157553290083,9.051590979301823,23.447636700648747,2.7494593759654,4.541241890639481,0.8649984553599012,1.2048192771084338
2,Chinatown,5.624661979448351,2.3796646836127637,1.0275824770146025,0.9194159004867496,1.460248783126014,26.825310978907517,17.577068685776094,1.4061654948620876,10.383991346673877,10.005408328826393,7.517577068685776,3.136830719307734,9.356408869659274,1.0275824770146025,1.3520822065981613
3,Lake Merritt,5.984251968503937,2.9133858267716537,1.1811023622047243,1.9291338582677164,1.5354330708661417,15.94488188976378,14.448818897637794,1.5748031496062993,11.653543307086615,11.496062992125983,24.64566929133858,0.5118110236220472,4.330708661417323,0.7480314960629921,1.1023622047244095
4,Koreatown/Northgate,5.882352941176471,1.8823529411764706,1.1764705882352942,0.8235294117647058,1.1764705882352942,21.88235294117647,32.23529411764706,1.0588235294117647,8.117647058823529,9.529411764705882,3.6470588235294117,0.35294117647058826,10.0,0.8235294117647058,1.411764705882353
5,Montclair,4.884318766066838,2.827763496143959,1.5424164524421593,3.0848329048843186,0.5141388174807198,21.85089974293059,15.938303341902314,2.056555269922879,11.053984575835475,12.596401028277635,11.568123393316196,0.2570694087403599,10.025706940874036,0.5141388174807198,1.2853470437017995
6,Rockridge,8.457711442786069,1.9900497512437811,1.1608623548922057,0.9950248756218906,0.9950248756218906,9.78441127694859,37.47927031509121,1.658374792703151,8.291873963515755,9.950248756218905,7.131011608623549,0.0,11.276948590381426,0.0,0.8291873963515755
7,Temescal/Telegraph,5.361003026372676,1.297016861219196,1.2537829658452226,1.124081279723303,0.7782101167315175,11.975789018590575,55.079982706441854,1.340250756593169,6.052745352356247,6.441850410722006,3.9342844790315605,0.08646779074794639,4.409857328145266,0.43233895373973197,0.43233895373973197
8,Fruitvale,5.42686962276638,2.1839841164791527,0.5956320317670417,1.786896095301125,1.1912640635340834,13.302448709463931,43.08405029781601,1.0589013898080741,6.353408338848444,9.265387160820648,2.845797485109199,0.26472534745201853,10.85373924553276,0.9927200529450695,0.7941760423560555
9,Lakeshore,8.61244019138756,4.0669856459330145,2.8708133971291865,2.3923444976076556,2.15311004784689,16.985645933014354,8.61244019138756,1.4354066985645932,12.91866028708134,10.287081339712918,14.5933014354067,0.4784688995215311,12.679425837320574,0.7177033492822966,1.1961722488038278
10,Jack London,5.253042921204356,3.395259449071108,1.4734144778987828,2.690582959641256,0.8327994875080077,24.27930813581038,7.879564381806534,3.331197950032031,14.221652786675207,7.174887892376682,18.641896220371557,0.7687379884689302,5.957719410634208,1.345291479820628,2.754644458680333
11,Laurel,13.201320132013201,0.9900990099009901,2.31023102310231,3.3003300330033003,1.9801980198019802,20.13201320132013,11.881188118811881,2.31023102310231,8.910891089108912,16.17161716171617,4.29042904290429,0.0,13.531353135313532,0.6600660066006601,0.33003300330033003
